name,scope,other_names,location_found,pattern_type,pattern,confidence_no_fp,expected_countries,source,exp_url,notes
ooni.by_4,isp,cl.dns_isp_by_mts,dns,full,134.17.0.7,5,BY,ooni,,Belarusian ISP block on mobile ISP MTS uses a DNS forward
ooni.cn_0,nat,cl.dns_nat_cn_poison_01,dns,full,8.7.198.45,5,CN,ooni,,A published poison reply IP related to Chinese GFW (ARIN)
ooni.cn_1,nat,cl.dns_nat_cn_poison_02,dns,full,37.61.54.158,5,CN,ooni,,A published poison reply IP related to Chinese GFW (European Regional Registry)
ooni.cn_2,nat,cl.dns_nat_cn_poison_03,dns,full,46.82.174.68,5,CN,ooni,,A published poison reply IP related to Chinese GFW (Deutsche Telecom)
ooni.cn_3,nat,cl.dns_nat_cn_poison_04,dns,full,78.16.49.15,5,CN,ooni,https://explorer.ooni.org/measurement/20191205T074509Z_AS4134_snD532tevf4HneyRwKvtRLSxBppvIFgxGq8FwjFKH3R1eSVv1m?input=http://kareemazmy.blogspot.com/,A published poison reply IP related to Chinese GFW (Esat Telecommunications Limited)
ooni.cn_4,nat,cl.dns_nat_cn_poison_05,dns,full,93.46.8.89,5,CN,ooni,,A published poison reply IP related to Chinese GFW (Fastweb)
ooni.cn_5,nat,cl.dns_nat_cn_poison_06,dns,full,159.106.121.75,5,CN,ooni,,A published poison reply IP related to Chinese GFW (DoD)
ooni.cn_6,nat,"cl.dns_nat_cn_poison_07,cl.dns_nat_cn_poison_09,ooni.cn_8",dns,full,203.98.7.65,5,CN,ooni,,A published poison reply IP related to Chinese GFW (Telstra)
ooni.cn_7,nat,cl.dns_nat_cn_poison_08,dns,full,59.24.3.173,5,CN,ooni,,A published poison reply IP related to Chinese GFW (Korea Telecom)
ooni.cn_9,nat,cl.dns_nat_cn_poison_10,dns,full,243.185.187.39,5,CN,ooni,,A published poison reply IP related to Chinese GFW
ooni.id_39,isp,cl.dns_prod_id_nawala,dns,full,180.131.146.7,5,ID,ooni,https://explorer.ooni.org/measurement/20170214T023529Z_AS17974_1hVbJGBPLdOsxQvNgIawwvABxfZuLNeVK5VaY1XWajguEt0yK3?input=http://www.lesbian.org,Indonesian Sehat DNS filtering product
ooni.id_40,isp,cl.dns_isp_id_sehat_telkomsel_baik,dns,full,202.3.219.209,5,ID,ooni,https://explorer.ooni.org/measurement/20170316T024318Z_AS23693_CQPxlyILeqGXlHzFqGSCPR6MgtCBfZtbs3h2l37MOyiU77N1xP?input=http://www.bglad.com,Indonesian ISP Telkomsel Internet Baik sehat blockpage
ooni.id_41,isp,cl.dns_isp_id_sehat_tri_cname,dns,full,restricted.tri.co.id,5,ID,ooni,https://explorer.ooni.org/measurement/20200329T090119Z_AS45727_GqQe4DZduLsSaYZB6qnqeMpsNgJn7dTvEaoEFZ0eGGmjyBoQG4?input=https://www.scruff.com/,"Indonesian ISP Tri blockpage, matches on the CNAME"
ooni.id_42,isp,cl.dns_isp_id_sehat_tri_ip,dns,full,116.206.10.31,5,ID,ooni,https://explorer.ooni.org/measurement/20200329T090119Z_AS45727_GqQe4DZduLsSaYZB6qnqeMpsNgJn7dTvEaoEFZ0eGGmjyBoQG4?input=https://www.scruff.com/,"Indonesian ISP Tri blockpage, matches on the IP"
ooni.id_43,isp,cl.dns_isp_id_sehat_telkom_uzone,dns,full,36.86.63.185,5,ID,ooni,https://explorer.ooni.org/measurement/20171025T095349Z_AS131709_vvCnDreaVjMN1MQ2imNyl4ynBG4EhIZRdWHJIBKgOexJSnaWcb?input=http://www.bglad.com,Indonesian ISP Telkom Uzone sehat blockpage
ooni.id_44,isp,cl.dns_isp_id_sehat_telkom_uzone_mercusuar,dns,full,internet-positif.org,5,ID,ooni,https://explorer.ooni.org/measurement/20191114T004142Z_AS17974_zSo1qO4rG5Isd8Rr2WGTHYV4hwK9jeGkR201ACNu7np3CxXqOQ?input=http://ilga.org/,Indonesian ISP Telkom Uzone sehat blockpage. Mercusuar (lighthouse) is a branding of Telkomsel's Uzone. This matches the CNAME record but IP was 118.97.116.27 at the time observed.
ooni.id_45,isp,cl.dns_isp_id_sehat_telkom_bltsel_cname,dns,full,mypage.blocked.bltsel,5,ID,ooni,https://explorer.ooni.org/measurement/20191114T004142Z_AS17974_zSo1qO4rG5Isd8Rr2WGTHYV4hwK9jeGkR201ACNu7np3CxXqOQ?input=http://ilga.org/,Indonesian ISP Telkom blockpage. This is to match against the variant where Telkomsel DNS reply to this CNAME and was on IP 114.121.254.4
ooni.id_46,isp,cl.dns_isp_id_sehat_telkom_bltsel_ip,dns,full,114.121.254.4,5,ID,ooni,https://explorer.ooni.org/measurement/20191114T004142Z_AS17974_zSo1qO4rG5Isd8Rr2WGTHYV4hwK9jeGkR201ACNu7np3CxXqOQ?input=http://ilga.org/,Indonesian ISP Telkom blockpage. This is to match against the variant where Telkomsel DNS reply to CNAME mypage.blocked.bltsel and IP 114.121.254.4
ooni.id_47,isp,cl.dns_isp_id_sehat_tri_blockpage,dns,full,180.214.232.61,5,ID,ooni,https://explorer.ooni.org/measurement/20170307T194134Z_AS45727_gEN976jgNQgOx6CuLiiYDb2flPY8CpNtRPcnrHTwjggcats4At?input=http://www.gay.com,Indonesian ISP Tri sehat blockpage.
ooni.id_48,isp,cl.dns_isp_id_sehat_bolt_block,dns,full,202.62.29.1,5,ID,ooni,https://explorer.ooni.org/measurement/20170213T013637Z_AS4832_Y8ct5af944VzPhrMoeoll3Ap7MtHL97R2JBO0lEHto45vPYwFQ?input=http://www.gayscape.com,Indonesian ISP Bolt
ooni.id_49,isp,cl.dns_isp_id_sehat_myrepublic_block,dns,full,103.47.132.195,5,ID,ooni,https://explorer.ooni.org/measurement/20170916T151028Z_AS63859_OMzXkgk31oMZMCyxyswHDc9s7PcHYUDMAm8BEsKSmcioamnK0f?input=http://www.gayscape.com,Indonesian ISP My Republic
ooni.id_50,isp,cl.dns_isp_id_sehat_cbn_block,dns,full,internetsehataman.cbn.net.id,5,ID,ooni,https://explorer.ooni.org/measurement/20190420T092536Z_AS135478_mLOlXUu4n0QwTV10X6nqZYFwh9aQga4i4fPo9fMomwk2IMV6Le?input=http://transsexual.org/,Indonesian ISP CBN
ooni.id_51,isp,cl.dns_isp_id_sehat_xl_block,dns,full,blockpage.xl.co.id,5,ID,ooni,https://explorer.ooni.org/measurement/20180324T031959Z_AS24203_oRMW0HPO6Z2u3lkA8d4uROtqX2fuKU6XH8ARB0JtGanxPSHX3L?input=https://www.scruff.com/,Indonesian ISP XL blockpage. This is to match against the CNAME IP was 112.215.197.131
ooni.id_52,isp,cl.dns_isp_id_sehat_crypto_negatif,dns,full,202.52.141.98,5,ID,ooni,,Indonesian ISP Crypto DNS filtering (Negatif Konten)
ooni.id_53,isp,cl.dns_isp_id_sehat_jlm_negatif,dns,full,150.107.140.200,5,ID,ooni,,Indonesian ISP JLM DNS filtering (Negatif Konten)
ooni.id_54,isp,cl.dns_isp_id_sehat_starnet_light,dns,full,103.14.16.18,5,ID,ooni,https://explorer.ooni.org/measurement/20181006T114052Z_AS9657_yU1pa9b0I0vRzcBU5OsWOV6phrI2FBxQosem0mJRQdKZupCPkE?input=http://bisexual.org/,Indonesian ISP Starnet DNS filtering (light variant)
ooni.id_55,isp,cl.dns_isp_id_sehat_starnet_dark,dns,full,113.197.108.236,5,ID,ooni,https://explorer.ooni.org/measurement/20170620T000111Z_AS0_5is0TiDSWSWQSmW01Yc1B4kQFQsMmPhLT2vKSqFsVhuYzbPYvd?input=http://www.gayscape.com,Indonesian ISP Starnet DNS filtering (dark variant)
ooni.id_56,isp,cl.dns_isp_id_sehat_citra,dns,full,202.65.113.54,5,ID,ooni,https://explorer.ooni.org/measurement/20170920T165858Z_AS17974_3WOOOvd6aU5LlWGoP1mVIXMiXBDXaJpAwfkjP4IYR52V0nXvDF?input=http://www.advocate.com,Indonesian ISP Citra blockpage
ooni.id_57,isp,cl.dns_isp_id_sehat_argon,dns,full,103.195.19.54,5,ID,ooni,https://explorer.ooni.org/measurement/20170501T123218Z_AS17974_TQovh9GvtBR3FlRa5IfIH19tSRfiGUgUzEnGoh5sgdLI1m0OgY?input=http://www.ifge.org,Indonesian ISP Argon (Datacentre) blockpage
ooni.id_58,isp,cl.dns_isp_id_sehat_sumberdata,dns,full,103.10.120.3,5,ID,ooni,,Indonesian ISP Sumber Data blockpage
ooni.id_59,isp,cl.dns_isp_id_sehat_fibernet,dns,full,27.123.220.197,5,ID,ooni,,Indonesian ISP Fibernet blockpage
ooni.id_60,isp,cl.dns_isp_id_sehat_gooptix,dns,full,103.108.159.238,5,ID,ooni,,Indonesian ISP Go-Optix blockpage
ooni.id_61,isp,cl.dns_isp_id_sehat_ltn,dns,full,103.126.10.252,5,ID,ooni,,Indonesian ISP Lintas Telematika Nusantara blockpage
ooni.id_62,isp,cl.dns_isp_id_sehat_utaramedia,dns,full,103.142.60.250,5,ID,ooni,,Indonesian ISP Utara Internet blockpage
ooni.id_63,isp,cl.dns_isp_id_sehat_bitsnet,dns,full,103.19.56.2,5,ID,ooni,,Indonesian ISP Bitsnet blockpage
ooni.id_64,isp,cl.dns_isp_id_sehat_winetmedia,dns,full,103.70.68.68,5,ID,ooni,,Indonesian ISP Winnet Media blockpage
ooni.id_65,isp,cl.dns_isp_id_sehat_foxlinemedia,dns,full,103.83.96.242,5,ID,ooni,,Indonesian ISP Foxline Media blockpage
ooni.id_66,isp,cl.dns_isp_id_sehat_hypernet_1,dns,full,114.129.22.33,5,ID,ooni,https://explorer.ooni.org/measurement/20170323T040824Z_AS38758_zjtAoJrqVgnQCOYSHGqrVt4bSHxEUGnj0DvgJqHEJMKnnmllir?input=http://transsexual.org,Indonesian ISP Hypernet blockpage
ooni.id_67,isp,cl.dns_isp_id_sehat_hypernet_2,dns,full,114.129.23.9,5,ID,ooni,,Indonesian ISP Hypernet blockpage
ooni.id_68,isp,cl.dns_isp_id_sehat_netsafeindosat_1,dns,full,netsafe.indosatm2.com,5,ID,ooni,https://explorer.ooni.org/measurement/20170330T110102Z_AS4795_yod1sqqu9NwrIBlJDfMepLmyAp3zVxQK5QG6Qqux11QuioLrYJ?input=https://www.gay.com/,Indonesian ISP Indosat Netsafe blockpage. This is based off the CNAME record but was seen on IP 124.81.92.132
ooni.id_69,isp,cl.dns_isp_id_sehat_netsafeindosat_2,dns,full,114.6.128.8,5,ID,ooni,https://explorer.ooni.org/measurement/20170608T035018Z_AS4761_HEJ2bT3U6QBEL4IdHLTPpWshehej9EcxiwssgeMxRTlBLQeLJx?input=http://www.glil.org,Indonesian ISP Indosat Netsafe blockpage
ooni.id_70,isp,cl.dns_isp_id_sehat_nusanet,dns,full,150.107.151.151,5,ID,ooni,,Indonesian ISP Nusa Net blockpage
ooni.id_71,isp,cl.dns_isp_id_sehat_myrepublic,dns,full,158.140.186.3,5,ID,ooni,https://explorer.ooni.org/measurement/20180601T040605Z_AS63859_uzo47992c80YC59mVTgn649d8nTkGPtm3Z8TZ69jdWAmMMMkCb?input=http://www.samesexmarriage.ca,Indonesian ISP MyRepublic blockpage
ooni.id_72,isp,cl.dns_isp_id_sehat_firstmedia,dns,full,internetpositif3.firstmedia.com,5,ID,ooni,https://explorer.ooni.org/measurement/20190612T150505Z_AS23700_e7qsqPDY72QkdwPcDeUb5NkHxZ9HgpHOuU8p5oNFp5uW4BJAk7?input=https://www.shoe.org/,Indonesian ISP FirstMedia blockpage. Matches against a CNAME record IP was 202.137.1.74 when observed.
ooni.id_73,isp,cl.dns_isp_id_sehat_melsa,dns,full,filter.melsa.net.id,5,ID,ooni,https://explorer.ooni.org/measurement/20181006T114052Z_AS9657_yU1pa9b0I0vRzcBU5OsWOV6phrI2FBxQosem0mJRQdKZupCPkE?input=http://www.bglad.com,Indonesian ISP Melsa blockpage. Matches the CNAME record IP was 202.138.224.15
ooni.id_74,isp,cl.dns_isp_id_sehat_ptcentrin,dns,full,block.centrin.net.id,5,ID,ooni,https://explorer.ooni.org/measurement/20190314T214950Z_AS17658_kybYxwcXIxWZYnX32z36B1ZprSLxFT3WpxY0g7sfuy0Uy7MLAo?input=https://www.ilga-europe.org/,"Indonesian ISP PT Centrin Online blockpage. Matches the CNAME record, the IP was 202.146.255.7"
ooni.id_75,isp,cl.dns_isp_id_sehat_lintasarta,dns,full,202.152.4.67,5,ID,ooni,https://explorer.ooni.org/measurement/20190605T140849Z_AS4800_bKVUk4pjoLXBQOUdWBLnQOPZfWfDPGCSoURwopRoEj0O4ZjOKG?input=http://www.tsroadmap.com/,Indonesian Business ISP Lintasarta blockpage
ooni.id_76,isp,cl.dns_isp_id_sehat_circleone,dns,full,202.165.36.253,5,ID,ooni,,Indonesian ISP Circle One blockpage
ooni.id_77,isp,cl.dns_isp_id_sehat_biznet,dns,full,202.169.44.80,5,ID,ooni,https://explorer.ooni.org/measurement/20171105T072208Z_AS17451_7r3LG7AAcL538QaLjG44o23fmyWhbFiEOWEnbZfDhu1Lfpg6jF?input=http://www.grindr.com/,Indonesian ISP Biznet blockpage
ooni.id_78,isp,cl.dns_isp_id_sehat_starcom,dns,full,202.50.202.50,5,ID,ooni,,Indonesian ISP Starcom blockpage
ooni.id_79,isp,cl.dns_isp_id_sehat_iforte,dns,full,trustpositif.iforte.net.id,5,ID,ooni,https://explorer.ooni.org/measurement/20190924T072134Z_AS17995_Seinciq0527hnzfIuN4ZQvKYqy8NKBKGHK9vt01KkY79iofutj?input=http://www.gayhealth.com/,Indonesian ISP iForte blockpage. Matches a CNAME record IP was 202.51.96.7
ooni.id_80,isp,cl.dns_isp_id_sehat_varnion_1,dns,full,202.56.160.131,5,ID,ooni,https://explorer.ooni.org/measurement/20180119T081053Z_AS45287_NWeT8zKRcKd7z2WYMntHuw2GIwqK0zCAh0A5UnvxzKw4s9rN0u?input=http://www.gayhealth.com,Indonesian ISP (caters to hospitality industry) Varnion blockpage. Note: Does a very weird round robin with a local hostname (just filter)
ooni.id_81,isp,cl.dns_isp_id_sehat_varnion_2,dns,full,202.56.160.132,5,ID,ooni,https://explorer.ooni.org/measurement/20180119T081053Z_AS45287_NWeT8zKRcKd7z2WYMntHuw2GIwqK0zCAh0A5UnvxzKw4s9rN0u?input=http://www.gayhealth.com,Indonesian ISP (caters to hospitality industry) Varnion blockpage. Note: Does a very weird round robin with a local hostname (just filter)
ooni.id_82,isp,cl.dns_isp_id_sehat_varnion_3,dns,full,203.99.130.131,5,ID,ooni,https://explorer.ooni.org/measurement/20180224T051609Z_AS45287_IoqMH28cD0RwJsIYHmj0rMDUt8oigefrA7YweS4lZ0ahxrDrDy?input=http://www.gay.com/,Indonesian ISP (caters to hospitality industry) Varnion blockpage. Note: Does a very weird round robin with a local hostname (just filter)
ooni.id_83,isp,cl.dns_isp_id_sehat_idnic_1,dns,full,203.119.13.75,5,ID,ooni,https://explorer.ooni.org/measurement/20171120T160605Z_AS0_J83hVqCVk4VUk9IGei68s4rSrT0F9OWHa3EzXwz6iJaHcxCO6J?input=https://www.gay.com/,Indonesian NIC blockpage
ooni.id_84,isp,cl.dns_isp_id_sehat_idnic_2,dns,full,203.119.13.76,5,ID,ooni,https://explorer.ooni.org/measurement/20200130T121354Z_AS18103_6roxhkcpVP4ML3VyjL75G28deYvsJgocbDyeV8Ud6WBHAFTwy4?input=http://www.bglad.com/,Indonesian NIC blockpage
ooni.id_85,isp,cl.dns_isp_id_sehat_hanastar,dns,full,203.160.56.38,5,ID,ooni,,Indonesian ISP Hanastar ID blockpage
ooni.id_86,isp,cl.dns_isp_id_comnets,dns,full,220.247.168.195,5,ID,ooni,https://explorer.ooni.org/measurement/20200213T075343Z_AS131111_n3Zv50ZiRaGIm7uCn3IwOIN879EzYbr3OV08aHpZdOIzsk83iT?input=https://www.ilga-europe.org/,Indonesian ISP Icon Comnets+ blockpage.
ooni.id_87,isp,cl.dns_isp_id_sehat_transhybrid_1,dns,full,58.147.184.141,5,ID,ooni,,Indonesian ISP Trans Hybrid blockpage
ooni.id_88,isp,cl.dns_isp_id_sehat_transhybrid_2,dns,full,58.147.185.131,5,ID,ooni,,Indonesian ISP Trans Hybrid blockpage
ooni.id_89,isp,cl.dns_isp_id_sehat_first,dns,full,202.73.99.3,5,ID,ooni,https://explorer.ooni.org/measurement/20161003T063421Z_AS23700_BcAJiWTdgtzSTE5ezaPJoywgMdwm8hZm8yb6Hw3iUB8atIiJCI?input=http://transsexual.org,Indonesian ISP First Media blockpage
ooni.id_90,isp,cl.dns_isp_id_sehat_gmedia_cname,dns,full,xblock.gmedia.net.id,5,ID,ooni,https://explorer.ooni.org/measurement/20190301T020519Z_AS55666_zcD5kLAL3QHZypge7Kppqp2ysd5p76afVPmvC7XlZ8zol52iEl?input=http://ilga.org/,Indonesian ISP GMedia blockpage. Matches CNAME record with an IP of 49.128.177.13 when observed.
ooni.id_91,isp,cl.dns_isp_id_sehat_gmedia_ip,dns,full,49.128.177.13,5,ID,ooni,https://explorer.ooni.org/measurement/20180119T133726Z_AS55666_NfgRumGXxCBp0t0SjoNsX0KyrzzmQmoXbSoXzPfHgw9ICwI5zr?input=http://www.queernet.org,Indonesian ISP GMedia blockpage. Matches cases where IP is used instead of CNAME.
ooni.id_92,isp,cl.dns_isp_id_sehat_smartfren,dns,full,internetsehat.smartfren.com,5,ID,ooni,https://explorer.ooni.org/measurement/20191225T231001Z_AS18004_hA8xsVHcbUOLZLKxI8kAQ2GV3yzQ8TpDNqUpHA1Sm3Mdb3yYVB?input=http://www.samesexmarriage.ca/,Indonesian ISP Smartfren blockpage.
ooni.id_93,isp,cl.dns_isp_id_sehat_mncplay,dns,full,internetpositif.mncplaymedia.com,5,ID,ooni,https://explorer.ooni.org/measurement/20180727T095622Z_AS17670_ryQ3v3ZDI2X8YI7FKTxeG9L5PEmgc0Z5N3bDIU7uusFaaIcuql?input=http://www.bglad.com,Indonesian ISP MNC Play Media blockpage. Based on CNAME record although the IP address was 110.50.83.31 when seen.
ooni.id_94,isp,cl.dns_inst_id_sehat_telkomuniversity,dns,full,dnssehat.telkomuniversity.ac.id,5,ID,ooni,https://explorer.ooni.org/measurement/20180315T084438Z_AS133357_LeDGv9wMP20hFNfN2nqsvJxL1vUKOFZ0grMlnMJXACYHkmPLNB?input=http://transsexual.org,"Indonesian University, owned by PT Telekom, but has a seperate filtering system"
ooni.id_95,nat,cl.dns_nat_id_trustpositif,dns,full,trustpositif.kominfo.go.id,5,ID,ooni,,Matches a CNAME record of the official Indonesidan filter TrustPositif
ooni.ir_4,nat,cl.dns_nat_ir_inject_1,dns,full,10.10.34.34,5,IR,ooni,https://explorer.ooni.org/measurement/20170525T030641Z_AS50810_5iVwM98EMQORqXeZtbhiDquo9zifyYSMmE5AWTARCw3XJ1R4is?input=http://pesareghabile.blogspot.com,An injection to the Iranian national blockpage.
ooni.ir_5,nat,cl.dns_nat_ir_inject_2,dns,full,10.10.34.35,5,IR,ooni,https://explorer.ooni.org/measurement/20180114T045727Z_AS61173_bkL7bV97kNEYVREkD0Lg4LnvnnlDtlNlbvA1jbzPlsncPdNlIm?input=http://queerquotes.blogspot.com,An injection to the Iranian national blockpage.
ooni.mm_2,isp,cl.dns_isp_mm_myanmarnet_block,dns,full,59.153.90.11,5,MM,ooni,https://explorer.ooni.org/measurement/20210208T105603Z_webconnectivity_MM_58952_n1_NEm53Iw0ysgcGt9J?input=http://www.facebook.com,Myanmar ISP Myanmarnet blockpage
ooni.mm_3,nat,cl.dns_nat_mm_transportcomms_block,dns,full,167.172.4.60,5,MM,ooni,https://explorer.ooni.org/measurement/20210201T223944Z_webconnectivity_MM_133385_n1_LlJnFqnaVXNfXygL?input=http://www.hornybank.com/,A false DNS response with Ministry of Transport and Communications of Myanmar branding.
ooni.mn_0,nat,cl.dns_nat_mn_crc,dns,full,218.100.84.78,5,MN,ooni,,Mongolian block due to legal reasoning.
ooni.my_2,nat,cl.dns_nat_my_violates,dns,full,175.139.142.25,5,MY,ooni,https://explorer.ooni.org/measurement/20190503T024619Z_AS4788_agTXVdX7lipOjGFLnaQQFSkxEMVNoXopd20czlazmSW5XIofs4?input=http://www.gaystarnews.com/,This website is not available in Malaysia as it violate(s) the National law(s). DNS response
ooni.pk_3,isp,cl.dns_isp_pk_nayatel_surfsafely,dns,full,203.82.48.83,5,PK,ooni,https://explorer.ooni.org/measurement/20161025T235721Z_AS23674_Lldjua1VqHuWrRcILrD3wrfRXiOVP5P3e0wHwJV1MACuOzBFwY?input=http://www.queerty.com,Pakistani ISP Nayatels Surf Safely blockpage
ooni.pk_4,isp,cl.dns_isp_pk_nayatel_safeweb,dns,full,203.82.48.86,5,PK,ooni,https://explorer.ooni.org/measurement/20191206T015807Z_AS23674_BbXvUMwowxajbM9Q1pTeOp84pawo9ccTUsltC6B1vhyNHC2kkM?input=http://gaytoday.com/,Pakistani ISP Nayatels Safeweb blockpage
ooni.pl_2,nat,,dns,full,145.237.235.240,5,PL,ooni,,
ooni.pl_3,nat,,dns,full,195.187.6.33,5,PL,ooni,,
ooni.pl_4,nat,,dns,full,195.187.6.34,5,PL,ooni,,
ooni.pl_5,nat,,dns,full,195.187.6.35,5,PL,ooni,,
ooni.pl_6,nat,,dns,full,78.133.250.166,5,PL,ooni,,
ooni.pl_7,nat,,dns,full,195.116.107.98,5,PL,ooni,,
ooni.ru_83,prod,cl.dns_prod_ru_netpolice,dns,full,159.255.26.69,5,RU,ooni,,Russian DNS based RKN filtering proudct.
ooni.ru_84,isp,cl.dns_prod_skydns_1,dns,full,193.58.251.1,5,RU,ooni,https://explorer.ooni.org/measurement/20171003T161217Z_AS15599_eoh3aUHQ7NV5LwWDA3Br8Hf3FGcgxG3s8mjxFd40cSWcV5BL23?input=http://lgbt.foundation/,Russian DNS filter product
ooni.ru_85,isp,cl.dns_prod_skydns_2,dns,full,193.58.251.11,5,RU,ooni,,Russian DNS filter product
ooni.ru_86,isp,cl.dns_prod_skydns_3,dns,full,95.217.66.240,5,RU,ooni,,Russian DNS filter product
ooni.ru_87,isp,cl.dns_prod_yandex_security_check,dns,full,93.158.134.250,5,RU,ooni,https://explorer.ooni.org/measurement/20180919T192809Z_AS34984_Rlb0RqQAPfo5LqUQHWREV7c1sxNXcHSGHrVftNTgOoVBhAcu20?input=http://www.exgay.com,Yandex Check Site Security Status Response
ooni.ru_88,isp,cl.dns_isp_rostelecom_blocksystem,dns,full,217.148.54.171,5,RU,ooni,,Russian ISP Rostelecom but the filtering pattern is very different than what customers typically see. This might be a small downstream players RKN implementation.
ooni.ru_89,isp,cl.dns_isp_ru_rkn_skynet,dns,full,185.37.129.10,5,RU,ooni,https://explorer.ooni.org/measurement/20190628T034744Z_AS35807_4XwiNixlQ8odJ6ek21IUmKwtvCecSOWoII5ZjwqzCCgx6Sx9a3?input=http://bluesystem.ru/,Russian ISP Skynet RKN blockpage
ooni.ru_90,isp,"cl.dns_isp_ru_rkn_naukanet,cl.dns_isp_ru_rkn_zencom,ooni.ru_91",dns,full,46.175.31.250,5,RU,ooni,https://explorer.ooni.org/measurement/20200318T090603Z_AS8641_sZfld8WLVRMRZ6Oa6uj23WNddUJ5zFCFLL5JCNBqorFDn1P050?input=http://www.lesbi.ru/,Russian ISP Nauka-Svyaz RKN blockpage
ooni.ru_92,isp,cl.dns_isp_ru_rkn_mastertel,dns,full,83.69.208.124,5,RU,ooni,,"Russian ISP Mastertel (business focused, telecom provider, datacenters, etc) RKN blockpage"
ooni.ru_93,isp,cl.dns_isp_ru_rkn_netbynet,dns,full,212.1.226.59,5,RU,ooni,,Russian ISP NetByNet RKN blockpage
ooni.ru_94,isp,cl.dns_isp_ru_rkn_smoltelecom,dns,full,37.44.40.254,5,RU,ooni,,Russian ISP Smoltelecom blockpage
ooni.ru_95,isp,cl.dns_isp_ru_rkn_enforta,dns,full,87.241.223.133,5,RU,ooni,,Russian ISP Enforta blockpage
ooni.ru_96,isp,cl.dns_isp_ru_rkn_ertelecom,dns,full,5.3.3.17,5,RU,ooni,https://explorer.ooni.org/measurement/20180313T233202Z_AS51645_dIEFx0okmP7iqOXN3x1p97EObb6Z1oLDQYOHFLVvfn7c0FKRW6?input=http://bluesystem.ru/,Russian ISP Ertelecom RKN blockpage
ooni.ru_97,nat,,dns,full,62.33.207.196,5,RU,ooni,,
ooni.ru_98,nat,,dns,full,62.33.207.197,5,RU,ooni,,
ooni.th_9,nat,cl.dns_nat_th_mdes_illegal,dns,full,125.26.170.3,5,TH,ooni,https://explorer.ooni.org/measurement/20201228T234534Z_webconnectivity_TH_131445_n1_deRHboYpdtGToSqk?input=http://www.bbc.com/news/world-asia-38126928/,"A false DNS response with Thai Ministry of Digital Economy and Society branding, suggesting this site is illegal based on the computer crime act and gambling act."
ooni.tr_6,nat,cl.dns_nat_tr_poison,dns,full,195.175.254.2,5,TR,ooni,,A poisoned DNS reply used in Turkey since 2014
ooni.tr_7,isp,cl.dns_isp_tr_turknet_familyprofile,dns,full,193.192.98.41,5,TR,ooni,,Turkish ISP Turk Net optin family oriented DNS service (this is DIFFERENT than the Turk Telecom secureinternet)
ooni.tr_8,isp,cl.dns_isp_tr_turknet_socialmedia,dns,full,193.192.98.42,5,TR,ooni,,Turkish ISP Turk Net optin family oriented DNS service (this is DIFFERENT than the Turk Telecom secureinternet)
ooni.tr_9,isp,cl.dns_isp_tr_turknet_chat,dns,full,193.192.98.43,5,TR,ooni,,Turkish ISP Turk Net optin family oriented DNS service (this is DIFFERENT than the Turk Telecom secureinternet)
ooni.tr_10,isp,cl.dns_isp_tr_turknet_game,dns,full,193.192.98.45,5,TR,ooni,,Turkish ISP Turk Net optin family oriented DNS service (this is DIFFERENT than the Turk Telecom secureinternet)
ooni.tr_11,isp,cl.dns_isp_tr_turknet_chat_and_socialmedia,dns,full,193.192.98.46,5,TR,ooni,,Turkish ISP Turk Net optin family oriented DNS service (this is DIFFERENT than the Turk Telecom secureinternet)
ooni.tr_12,isp,cl.dns_isp_tr_turknet_game_and_socialmedia,dns,full,193.192.98.47,5,TR,ooni,,Turkish ISP Turk Net optin family oriented DNS service (this is DIFFERENT than the Turk Telecom secureinternet)
ooni.tr_13,isp,cl.dns_isp_tr_turknet_game_and_chat,dns,full,193.192.98.48,5,TR,ooni,,Turkish ISP Turk Net optin family oriented DNS service (this is DIFFERENT than the Turk Telecom secureinternet)
ooni.tr_14,isp,cl.dns_isp_tr_turknet_game_chat_socialmedia,dns,full,193.192.98.49,5,TR,ooni,,Turkish ISP Turk Net optin family oriented DNS service (this is DIFFERENT than the Turk Telecom secureinternet)
ooni.zz_4,prod,cl.dns_prod_cleanbrowsing_1,dns,full,185.228.168.254,5,",ZZ",ooni,https://explorer.ooni.org/measurement/20190824T132919Z_AS5650_gwWRIicciG8fgrTzTFnuvsmlAHFOWgiAIAuDeL9RgH05TQsY3L?input=http://www.samesexmarriage.ca/,Cleanbrowsing DNS content filter
ooni.zz_5,prod,cl.dns_prod_cleanbrowsing_2,dns,full,207.246.127.171,5,",ZZ",ooni,,Cleanbrowsing DNS content filter
ooni.zz_6,prod,cl.dns_prod_cleanbrowsing_3,dns,full,45.77.77.148,5,",ZZ",ooni,,Cleanbrowsing DNS content filter
ooni.zz_7,prod,cl.dns_prod_flashstart,dns,full,185.236.104.104,5,",ZZ",ooni,https://explorer.ooni.org/measurement/20180212T093619Z_AS12874_ivZ63xkT6Tqmlz8SyoIsbdkQNfN85CyNZTO1ZVeYTZFRh24xb8?input=http://www.gayscape.com,Security focused DNS content filter
ooni.zz_8,prod,cl.dns_prod_smartdns_proxy,dns,full,54.242.237.204,5,",ZZ",ooni,,A geoip avoidance/unblocking DNS service
ooni.zz_9,prod,cl.dns_prod_cloudveil,dns,full,45.32.203.129,5,",ZZ",ooni,,"Faith focused DNS filtering system provided by the Church of God in Christ, Mennonite."
ooni.zz_10,prod,cl.dns_prod_dnswatch_1,dns,full,3.93.224.57,5,",ZZ",ooni,,Security focused DNS filter provided by WatchGuard Technologies
ooni.zz_11,prod,cl.dns_prod_dnswatch_2,dns,full,52.206.227.167,5,",ZZ",ooni,,Security focused DNS filter provided by WatchGuard Technologies
ooni.zz_12,inst,cl.dns_prod_safedns,dns,full,195.46.39.11,5,",ZZ",ooni,https://explorer.ooni.org/measurement/20191115T114711Z_AS12390_NIVFbxg8nx3pPxL5vbk2Fg4duFANRINLyvIaMNuzyDPiMdY2X3?input=https://bisexual.org/,"SafeDNS filtering for home, edu, telecom. Cloud based filtering product."
cl.dns_br_1234,vbw,,dns,full,1.2.3.4,10,,,https://explorer.ooni.org/measurement/20190612T013439Z_AS17974_XnyS9G0FWELa7uamYqu2zGxaYOQVrFFvlb9KmzbXlChVfY76uV?input=https://www.scruff.com/,"An A record with a 1.2.3.4 reply, this is a common false response to restrict access."
cl.dns_br_allzero,vbw,,dns,full,0.0.0.0,10,,,https://explorer.ooni.org/measurement/20170214T000041Z_AS5769_GwfnRAZ0NLH0wT56sefg2xc2iB07m354tQ0dA6IIL8mRz1CTXZ?input=http://www.lesbian.org,"A 0.0.0.0 reply, by convention this is a standard way to block access to content with DNS servers"
cl.dns_br_localhost,vbw,,dns,full,127.0.0.1,10,,,https://explorer.ooni.org/measurement/20160809T002715Z_AS4818_iyzGIP1lTXMuul1n2gqn5KveO8IEHWBprt04tul57KJS7mFutA?input=http://www.mygoodasyou.com,"A localhost reply, by convention this is a standard way to block access to content with DNS servers"
cl.dns_isp_au_telstra_block_1,isp,,dns,full,101.167.166.53,10,AU,,https://explorer.ooni.org/measurement/20220203T193446Z_webconnectivity_AU_1221_n1_E32NLhLwI1WJYE3p?input=http%3A%2F%2Fthepiratebay.org%2F,AU ISP Telstra Block Page
cl.dns_isp_au_telstra_block_2,isp,,dns,full,101.167.164.53,10,AU,,https://explorer.ooni.org/measurement/20220203T193446Z_webconnectivity_AU_1221_n1_E32NLhLwI1WJYE3p?input=http%3A%2F%2Fthepiratebay.org%2F,AU ISP Telstra Block Page
cl.dns_isp_au_tpg_block,isp,,dns,full,202.136.99.184,10,AU,https://www.lifehacker.com.au/2018/06/how-to-bypass-isp-blocking-of-the-pirate-bay-and-other-torrent-sites-for-free/,https://explorer.ooni.org/measurement/20220202T100548Z_webconnectivity_AU_7545_n1_jIoirPJjohcYOCvM?input=http%3A%2F%2Fthepiratebay.org%2F,AU ISP TPG Block Page
cl.dns_isp_ca_rogers_tva_telus_block,isp,,dns,full,67.43.226.22,10,CA,,https://explorer.ooni.org/measurement/20220203T103332Z_webconnectivity_CA_812_n1_7M7ZYtu8kInk4dU3?input=http%3A%2F%2Fapp.atntvv.cc%2F,CA ISP Rogers Telus and TVA Group joint Block Page
cl.dns_isp_ca_rogers_tva_telus_block_2,isp,,dns,full,173.209.39.114,10,CA,,https://explorer.ooni.org/measurement/20220125T183515Z_webconnectivity_CA_577_n1_7mS6xLPAnfcGIgv4?input=http://app.atntvv.cc/,"CA ISP Rogers Telus and TVA Group joint Block Page, alternate IP"
cl.dns_isp_ca_shaw_block,isp,,dns,full,64.59.135.158,10,CA,,https://explorer.ooni.org/measurement/20220203T170239Z_webconnectivity_CA_6327_n1_3Qts0KFGq9BAcnb1?input=http%3A%2F%2Fdestv.me%2F,Canadian ISP Shaw blockpage
cl.dns_isp_ca_teksavvy_block,isp,,dns,full,206.248.146.244,10,CA,,https://explorer.ooni.org/measurement/20220203T004625Z_webconnectivity_CA_5645_n1_cGktKcvMOwO7Tr20?input=http%3A%2F%2Fapp.atntvv.cc%2F,CA ISP Teksavvy Block Page
cl.dns_isp_sg_starhub_block,isp,,dns,full,202.156.3.53,10,SG,,https://explorer.ooni.org/measurement/20210809T082132Z_webconnectivity_SG_55430_n1_7ImHaJauRVvTo2eF?input=http://www.playboy.com/,Singaporean ISP Starhub blockpage
cl.dns_nat_it_adm_block,nat,,dns,full,217.175.53.72,10,IT,,https://explorer.ooni.org/measurement/20211023T083841Z_webconnectivity_IT_30722_n1_hPb937VUDh5Q2NoY?input=http://www.sportingbet.com/,Italian sport/gaming related DNS block
cl.dns_nat_it_agcom_block,nat,,dns,full,83.224.65.74,10,IT,,https://explorer.ooni.org/measurement/20211021T193015Z_webconnectivity_IT_30722_n1_Sk3HeZOfHero7Ir9?input=http://gamestorrents.com/,Italian copyright related DNS block
cl.dns_prod_fortidns,prod,,dns,full,208.91.112.55,10,,"https://docs.fortinet.com/document/fortigate/6.0.0/cookbook/124730/troubleshooting,https://docs.fortinet.com/product/fortidns/1.3",https://explorer.ooni.org/measurement/20190404T082635Z_AS6661_WCvp1TnPzuxfEVQl2ZjgPGkDiLXre1Lenrp1cUiwEUJ1oEk6PV?input=https://www.scruff.com/,Fortinet FortiDNS product
cl.dns_prod_opendns_1,prod,,dns,full,146.112.61.106,10,,https://www.opendns.com/cisco-opendns/,https://explorer.ooni.org/measurement/20170209T174739Z_AS1136_wBIk5bny3acHUuSTuZ8sqtFnKcU47tiRY0LEw08s9m9VDZBsO3?input=http://gayromeo.com,Cisco OpenDNS a popular DNS filtering system. NOTE: there is probably a more sophisticated way to track these IE - CNAME used in the redir.
cl.dns_prod_opendns_2,prod,,dns,full,208.69.32.164,10,,https://www.opendns.com/cisco-opendns/,https://explorer.ooni.org/measurement/20191007T155258Z_AS20115_DS8uyNobQ0CH9o9fls70ftC1ItOJ7dK5OlMG3YBs7NYrIXQ2Ty?input=https://www.planetromeo.com/,Cisco OpenDNS a popular DNS filtering system. NOTE: there is probably a more sophisticated way to track these IE - CNAME used in the redir.
cl.dns_prod_securely_1,prod,,dns,full,204.110.220.2,10,,https://www.securly.com/,,DNS filtering product for schools
cl.dns_prod_securely_2,prod,,dns,full,52.52.63.90,10,,https://www.securly.com/,,DNS filtering product for schools
ooni.id_internet_positif_remala_1,nat,,dns,full,101.255.1.226,10,ID,,https://explorer.ooni.org/measurement/20220724T195306Z_webconnectivity_ID_38511_n1_cIzflLexBWoU6ogC?input=https%3A%2F%2Fvimeo.com%2F,
ooni.id_internet_positif_remala_2,nat,,dns,full,101.255.0.226,10,ID,,https://explorer.ooni.org/measurement/20220724T195306Z_webconnectivity_ID_38511_n1_cIzflLexBWoU6ogC?input=https%3A%2F%2Fvimeo.com%2F,
ooni.id_kominfo_1,nat,,dns,full,139.255.196.196,10,ID,,,
ooni.id_kominfo_2,nat,,dns,full,103.154.123.132,10,ID,,,
ooni.ir_10dot10_ipv4_1,nat,,dns,full,10.10.34.36,10,IR,,https://explorer.ooni.org/measurement/20210701T022229Z_webconnectivity_IR_197207_n1_1gpWGw5V9YWvEa44?input=http%3A%2F%2Fwww.freeexpression.org%2F,
ooni.ir_ipv6_1,nat,,dns,full,d0::11,10,IR,,https://explorer.ooni.org/measurement/20210715T094141Z_webconnectivity_IR_44244_n1_GFBhOu2puPdz4SSt?input=https%3A%2F%2Fwww.sbs.com.au%2Flanguage%2Fcoronavirus%3Fcid%3Dinfocus,